Year,Month,Av Temp,Max Temp,Min Temp,,,
1960,Jan,44.1,54.6,33.6,,,
1960,Feb,43.7,56.1,31.3,,,
1960,Mar,50.6,62.8,38.4,,,
1960,Apr,66.6,79.9,53.2,,,
1960,May,71.5,85,58,,,
1960,Jun,81.2,94.3,68.1,,,
1960,Jul,81.7,93.4,70.1,,,
1960,Aug,81.2,92.4,69.9,,,
1960,Sep,76.2,89.4,63,,,
1960,Oct,68.1,79.8,56.3,,,
1960,Nov,56.1,68.2,44.1,,,
1960,Dec,42.9,52.6,33.3,,,
1961,Jan,41.4,53.4,29.5,,,
1961,Feb,49.6,62.4,36.8,,,
1961,Mar,57.9,71,44.7,,,
1961,Apr,63.7,78,49.4,,,
1961,May,73.4,86.6,60.3,,,
1961,Jun,77.6,89,66.2,,,
1961,Jul,79.6,90.8,68.5,,,
1961,Aug,79.4,92.1,66.7,,,
1961,Sep,75.1,86.6,63.5,,,
1961,Oct,65.7,79.1,52.3,,,
1961,Nov,51.3,62.1,40.5,,,
1961,Dec,46.6,58.2,35,,,
1962,Jan,40.1,53.6,26.6,,,
1962,Feb,55.7,70.5,40.8,,,
1962,Mar,53,66.5,39.5,,,
1962,Apr,64.6,77.2,52.1,,,
1962,May,75.6,88.8,62.5,,,
1962,Jun,78.4,90.2,66.6,,,
1962,Jul,82.9,95.1,70.6,,,
1962,Aug,83.8,97.8,69.7,,,
1962,Sep,76.5,87.8,65,,,
1962,Oct,69.4,81.4,57.3,,,
1962,Nov,54.9,67,42.7,,,
1962,Dec,46.8,58.1,35.5,,,
1963,Jan,39.2,53.3,25.2,,,
1963,Feb,47.7,62.5,32.8,,,
1963,Mar,59.2,73.4,45,,,
1963,Apr,70,82.9,57,,,
1963,May,74.4,86.7,62.2,,,
1963,Jun,80.1,92,68.1,,,
1963,Jul,83.8,96,71.5,,,
1963,Aug,83.2,96,70.3,,,
1963,Sep,77.1,89.4,64.9,,,
1963,Oct,70.3,84.5,56.1,,,
1963,Nov,56.7,69.6,43.8,,,
1963,Dec,40.7,52.2,29.3,,,
1964,Jan,44.6,58.5,30.7,,,
1964,Feb,43.8,56.3,31.4,,,
1964,Mar,55.2,69,41.3,,,
1964,Apr,67,79.9,54,,,
1964,May,74.4,86.5,62.3,,,
1964,Jun,79.5,91.8,67.2,,,
1964,Jul,84.2,97.2,71.2,,,
1964,Aug,83.4,95.7,71.2,,,
1964,Sep,75.8,86.4,65.1,,,
1964,Oct,63.9,77.8,50,,,
1964,Nov,57,69.2,44.8,,,
1964,Dec,47.3,59.7,34.9,,,
1965,Jan,49.2,62.1,36.2,,,
1965,Feb,46.2,58.4,34.1,,,
1965,Mar,49.5,61.7,37.2,,,
1965,Apr,68.2,80.8,55.6,,,
1965,May,72.9,83.2,62.5,,,
1965,Jun,78.8,89.9,67.6,,,
1965,Jul,83,95.7,70.4,,,
1965,Aug,80.9,93.4,68.4,,,
1965,Sep,76.8,88.8,64.6,,,
1965,Oct,64.3,77.5,51,,,
1965,Nov,60.7,72.7,48.6,,,
1965,Dec,50.6,61.5,39.7,,,
1966,Jan,40.3,51.2,29.5,,,
1966,Feb,44.8,56.9,32.6,,,
1966,Mar,56.7,69.8,43.6,,,
1966,Apr,64.8,77.4,52.2,,,
1966,May,71.6,82.8,60.3,,,
1966,Jun,78.1,89.7,66.5,,,
1966,Jul,84,95.9,72.1,,,
1966,Aug,79.5,90.4,68.7,,,
1966,Sep,74.4,85.4,63.4,,,
1966,Oct,63.5,77.3,49.6,,,
1966,Nov,58.6,72.3,44.9,,,
1966,Dec,45.5,59.4,31.6,,,
1967,Jan,46.5,60.8,32.2,,,
1967,Feb,48.2,62.1,34.2,,,
1967,Mar,62,76.2,47.8,,,
1967,Apr,70.6,82.4,58.8,,,
1967,May,71.9,85.5,58.3,,,
1967,Jun,80.3,92.2,68.4,,,
1967,Jul,81.6,93.4,69.7,,,
1967,Aug,79.6,92,67.1,,,
1967,Sep,72.3,83.2,61.5,,,
1967,Oct,64.9,78.9,50.8,,,
1967,Nov,55.3,67.1,43.5,,,
1967,Dec,45.3,56.5,34.1,,,
1968,Jan,44.5,53.9,35.1,,,
1968,Feb,45.1,56.7,33.6,,,
1968,Mar,53.6,64.7,42.5,,,
1968,Apr,63.7,75.3,52.1,,,
1968,May,71.7,83.2,60.2,,,
1968,Jun,78.4,89.8,66.9,,,
1968,Jul,79.7,90.7,68.8,,,
1968,Aug,80.8,92.6,69,,,
1968,Sep,73.1,85.6,60.5,,,
1968,Oct,67.4,80.8,54.1,,,
1968,Nov,52.9,65.2,40.5,,,
1968,Dec,46.4,59.8,33,,,
1969,Jan,48.9,61,36.7,,,
1969,Feb,49.6,61,38.1,,,
1969,Mar,49,60.5,37.5,,,
1969,Apr,65.8,78.1,53.4,,,
1969,May,71.3,83.3,59.2,,,
1969,Jun,79.1,91.4,66.8,,,
1969,Jul,85.1,97.8,72.4,,,
1969,Aug,83.1,95.8,70.5,,,
1969,Sep,75.6,87,64.2,,,
1969,Oct,64.4,75.6,53.3,,,
1969,Nov,53.4,66.5,40.3,,,
1969,Dec,49.1,61.4,36.7,,,
1970,Jan,41.8,53.6,29.9,,,
1970,Feb,49.5,61.9,37.2,,,
1970,Mar,51.7,63.6,39.9,,,
1970,Apr,65.3,77.7,52.8,,,
1970,May,70.7,83.6,57.8,,,
1970,Jun,77.8,89.8,65.7,,,
1970,Jul,81.9,94.2,69.6,,,
1970,Aug,82.3,95.1,69.5,,,
1970,Sep,75.7,86.5,65,,,
1970,Oct,62.3,74.5,50,,,
1970,Nov,52.6,67.3,38,,,
1970,Dec,53.2,66.4,39.9,,,
1971,Jan,48.8,63.2,34.4,,,
1971,Feb,49.7,64,35.5,,,
1971,Mar,56.8,72.3,41.2,,,
1971,Apr,64.2,77.9,50.6,,,
1971,May,72.3,85.4,59.2,,,
1971,Jun,80.3,92.2,68.3,,,
1971,Jul,82.2,94.4,70,,,
1971,Aug,77.1,87.4,66.8,,,
1971,Sep,74.4,85.1,63.8,,,
1971,Oct,66.8,77.7,55.9,,,
1971,Nov,55.9,68.2,43.6,,,
1971,Dec,50.6,61.1,40.2,,,
1972,Jan,47.1,60.6,33.6,,,
1972,Feb,50.6,65.1,36.1,,,
1972,Mar,61.1,75.5,46.8,,,
1972,Apr,68.8,82.8,54.7,,,
1972,May,71,82.9,59.1,,,
1972,Jun,79.1,91.2,67.1,,,
1972,Jul,80,91.4,68.7,,,
1972,Aug,79.4,90.9,67.9,,,
1972,Sep,77.2,88.4,66,,,
1972,Oct,66,77.9,54.1,,,
1972,Nov,48.8,59.7,37.8,,,
1972,Dec,44.1,56.9,31.3,,,
1973,Jan,41,51.7,30.3,,,
1973,Feb,46.4,57.8,35,,,
1973,Mar,58,70,46,,,
1973,Apr,60.1,71.8,48.3,,,
1973,May,70.8,84.2,57.5,,,
1973,Jun,77.4,89.2,65.6,,,
1973,Jul,80.8,92.1,69.6,,,
1973,Aug,79.7,92.1,67.3,,,
1973,Sep,75.1,85.8,64.2,,,
1973,Oct,67.5,79.8,55.2,,,
1973,Nov,59.9,72.6,47.2,,,
1973,Dec,47.9,63,32.7,,,
1974,Jan,45.4,57.6,33,,,
1974,Feb,50.9,66.6,35.2,,,
1974,Mar,62.6,75.7,49.5,,,
1974,Apr,66,79.7,52.2,,,
1974,May,75.5,87.7,63.3,,,
1974,Jun,78.6,91.8,65.5,,,
1974,Jul,82.4,95.3,69.4,,,
1974,Aug,79,90,68.1,,,
1974,Sep,69.1,79.1,59.1,,,
1974,Oct,65.3,76.9,53.8,,,
1974,Nov,53.6,65,42.3,,,
1974,Dec,45.8,57.4,34.2,,,
1975,Jan,47.8,60.2,35.4,,,
1975,Feb,47.9,60.6,35.2,,,
1975,Mar,55.4,69,41.8,,,
1975,Apr,63.6,76.1,51.1,,,
1975,May,71.7,83.8,59.7,,,
1975,Jun,78.6,90.4,66.7,,,
1975,Jul,79.2,90.1,68.2,,,
1975,Aug,80.1,91.7,68.4,,,
1975,Sep,71.8,84.2,59.5,,,
1975,Oct,66,80.4,51.7,,,
1975,Nov,55.4,69.5,41.4,,,
1975,Dec,47.8,61.1,34.6,,,
1976,Jan,45,59.8,30.2,,,
1976,Feb,56.2,71.2,41.3,,,
1976,Mar,58.3,71.4,45.2,,,
1976,Apr,65.3,77.2,53.3,,,
1976,May,68.3,80.5,56,,,
1976,Jun,78,90.2,65.7,,,
1976,Jul,78,88,68,,,
1976,Aug,80.1,93.1,67,,,
1976,Sep,73.9,85,62.7,,,
1976,Oct,58.3,70.7,45.9,,,
1976,Nov,47.8,59.6,36,,,
1976,Dec,44.6,57.7,31.4,,,
1977,Jan,38.7,50.1,27.3,,,
1977,Feb,50.2,63.8,36.5,,,
1977,Mar,56.8,70.2,43.3,,,
1977,Apr,64,76.1,51.8,,,
1977,May,73.4,84.1,62.7,,,
1977,Jun,80.4,92.6,68.1,,,
1977,Jul,83,95.3,70.6,,,
1977,Aug,83.2,95.1,71.2,,,
1977,Sep,80.1,92.9,67.2,,,
1977,Oct,67.3,80.6,54,,,
1977,Nov,56.8,70.3,43.4,,,
1977,Dec,49.5,63.4,35.5,,,
1978,Jan,38.3,48.8,27.8,,,
1978,Feb,40.8,51.2,30.3,,,
1978,Mar,55.4,69.7,41.3,,,
1978,Apr,67.8,81.4,54.2,,,
1978,May,74,86.5,61.5,,,
1978,Jun,80.2,92.3,68.2,,,
1978,Jul,84.6,97.6,71.7,,,
1978,Aug,81,92.8,69.2,,,
1978,Sep,75.5,85.3,65.7,,,
1978,Oct,65.5,78.7,52.2,,,
1978,Nov,56.5,66.4,46.5,,,
1978,Dec,45.6,58,33.1,,,
1979,Jan,37.2,46.8,27.7,,,
1979,Feb,45.7,57.5,33.8,,,
1979,Mar,56.9,68.8,44.9,,,
1979,Apr,64.6,76.6,52.5,,,
1979,May,69.8,81.8,57.8,,,
1979,Jun,77.2,88.6,65.7,,,
1979,Jul,81.9,93.3,70.6,,,
1979,Aug,79.6,91.3,67.8,,,
1979,Sep,74.1,87.4,60.9,,,
1979,Oct,68.7,84.1,53.3,,,
1979,Nov,51.2,64.4,38,,,
1979,Dec,47.6,60.4,34.9,,,
1980,Jan,46.9,58.3,35.6,,,
1980,Feb,48,61,34.9,,,
1980,Mar,55.2,69,41.3,,,
1980,Apr,62.5,77.1,47.9,,,
1980,May,72.2,83.8,60.5,,,
1980,Jun,83,95.6,70.4,,,
1980,Jul,86.1,99.8,72.4,,,
1980,Aug,83,95.1,70.9,,,
1980,Sep,77.7,88.7,66.6,,,
1980,Oct,63.8,77.1,50.4,,,
1980,Nov,52.1,64.4,39.8,,,
1980,Dec,49.3,61.4,37.2,,,
1981,Jan,45.9,57.7,34.1,,,
1981,Feb,49.8,62.4,37.2,,,
1981,Mar,55.4,66.8,44.1,,,
1981,Apr,68,79.3,56.7,,,
1981,May,70.9,82.7,59.1,,,
1981,Jun,79.3,90.2,68.4,,,
1981,Jul,82.5,93.8,71.1,,,
1981,Aug,80.4,92.1,68.6,,,
1981,Sep,75,87.1,62.8,,,
1981,Oct,66.2,76.8,55.5,,,
1981,Nov,57.5,71.3,43.8,,,
1981,Dec,48.8,62,35.5,,,
1982,Jan,46.1,60.2,32,,,
1982,Feb,46.4,58.5,34.4,,,
1982,Mar,58.9,70.9,46.9,,,
1982,Apr,64,76,52,,,
1982,May,71.5,82.4,60.6,,,
1982,Jun,78.2,89.8,66.6,,,
1982,Jul,82.7,94.5,70.9,,,
1982,Aug,83.2,95.6,70.8,,,
1982,Sep,77,90.2,63.7,,,
1982,Oct,65.6,78.5,52.6,,,
1982,Nov,54.7,65.8,43.6,,,
1982,Dec,47.5,58.4,36.6,,,
1983,Jan,44,55.3,32.8,,,
1983,Feb,48.5,59.9,37,,,
1983,Mar,55.1,67.4,42.8,,,
1983,Apr,60.7,74.1,47.2,,,
1983,May,70.7,83.7,57.8,,,
1983,Jun,76.7,88.7,64.7,,,
1983,Jul,82,93.7,70.3,,,
1983,Aug,82.8,95.1,70.5,,,
1983,Sep,76.7,89.3,64,,,
1983,Oct,67.5,79.3,55.6,,,
1983,Nov,57.5,69.9,45.1,,,
1983,Dec,38.4,49.8,26.9,,,
1984,Jan,41.7,53,30.4,,,
1984,Feb,50.4,65.1,35.7,,,
1984,Mar,57,70.4,43.6,,,
1984,Apr,64.4,79.1,49.8,,,
1984,May,73.9,87.2,60.6,,,
1984,Jun,79.9,91.5,68.4,,,
1984,Jul,81.8,94.3,69.2,,,
1984,Aug,81.7,94,69.3,,,
1984,Sep,73.7,85.9,61.5,,,
1984,Oct,65.6,75.4,55.7,,,
1984,Nov,54.5,66.1,42.9,,,
1984,Dec,52.8,63,42.6,,,
1985,Jan,40.3,52,28.6,,,
1985,Feb,45.7,56.7,34.7,,,
1985,Mar,59.4,70.2,48.6,,,
1985,Apr,66.6,79.1,54.2,,,
1985,May,73.6,86,61.2,,,
1985,Jun,78.3,90,66.5,,,
1985,Jul,81,93.3,68.7,,,
1985,Aug,83.4,96.6,70.2,,,
1985,Sep,76,87.9,64.1,,,
1985,Oct,66.4,76.5,56.2,,,
1985,Nov,57.6,68.9,46.3,,,
1985,Dec,44.1,57.4,30.7,,,
1986,Jan,48.9,63.4,34.3,,,
1986,Feb,53.2,66.2,40.2,,,
1986,Mar,59.7,74.2,45.3,,,
1986,Apr,68.5,80.9,56,,,
1986,May,72.3,84,60.6,,,
1986,Jun,78.4,88.8,68.1,,,
1986,Jul,82.8,95.1,70.5,,,
1986,Aug,81,92.6,69.3,,,
1986,Sep,77.2,87,67.4,,,
1986,Oct,64.5,74.9,54.1,,,
1986,Nov,53.8,64.5,43.1,,,
1986,Dec,45.9,55,36.8,,,
1987,Jan,45,57,33,,,
1987,Feb,50.6,61.1,40.1,,,
1987,Mar,53.2,66.2,40.2,,,
1987,Apr,62.2,77.2,47.1,,,
1987,May,72.1,83.2,61,,,
1987,Jun,77.3,87.9,66.6,,,
1987,Jul,80.6,91.8,69.5,,,
1987,Aug,82.2,94.2,70.3,,,
1987,Sep,74.4,86.6,62.1,,,
1987,Oct,65.6,79.5,51.7,,,
1987,Nov,55,68,42,,,
1987,Dec,47.5,59.7,35.3,,,
1988,Jan,42,53.7,30.2,,,
1988,Feb,48.4,61.5,35.2,,,
1988,Mar,56.2,70.7,41.7,,,
1988,Apr,64,78.9,49,,,
1988,May,71.3,84.2,58.4,,,
1988,Jun,78.3,90.9,65.8,,,
1988,Jul,81.1,92.4,69.8,,,
1988,Aug,82.1,94.1,70.1,,,
1988,Sep,75.6,88.2,63.1,,,
1988,Oct,66.3,79.6,53.1,,,
1988,Nov,58.1,72.4,43.8,,,
1988,Dec,48.5,61.3,35.6,,,
1989,Jan,50,62.2,37.8,,,
1989,Feb,45.4,56,34.8,,,
1989,Mar,57.6,72,43.3,,,
1989,Apr,66.6,80.1,53,,,
1989,May,75.3,87.4,63.1,,,
1989,Jun,77.6,89.2,66.1,,,
1989,Jul,81.6,93.6,69.6,,,
1989,Aug,80.5,91.9,69.1,,,
1989,Sep,73.1,86.1,60.1,,,
1989,Oct,66.9,81.3,52.4,,,
1989,Nov,56.9,70.3,43.5,,,
1989,Dec,39.7,52.8,26.6,,,
1990,Jan,50.2,63.2,37.2,,,
1990,Feb,53.3,66.4,40.1,,,
1990,Mar,57.3,68.1,46.4,,,
1990,Apr,64.7,76.4,53,,,
1990,May,72.8,84.5,61,,,
1990,Jun,83.6,96.1,71.1,,,
1990,Jul,79.9,90.8,68.9,,,
1990,Aug,80.5,92.2,68.7,,,
1990,Sep,76.4,87.4,65.4,,,
1990,Oct,64.5,78.4,50.6,,,
1990,Nov,58.3,70.7,45.8,,,
1990,Dec,45.8,58.8,32.9,,,
1991,Jan,43.4,53.4,33.6,,,
1991,Feb,52.5,65.4,39.7,,,
1991,Mar,59.3,72.8,45.8,,,
1991,Apr,67.1,79.9,54.2,,,
1991,May,74.6,86.2,63,,,
1991,Jun,79.4,90.9,67.9,,,
1991,Jul,80.9,92.2,69.6,,,
1991,Aug,80.3,91.7,69,,,
1991,Sep,72.4,82.6,62.2,,,
1991,Oct,67.1,80.8,53.5,,,
1991,Nov,50.9,62.6,39.2,,,
1991,Dec,49.2,58.4,40,,,
1992,Jan,45.4,55.1,35.7,,,
1992,Feb,53,64.5,41.5,,,
1992,Mar,58.9,71.7,46.1,,,
1992,Apr,64.5,76.8,52.3,,,
1992,May,69.6,80.4,58.9,,,
1992,Jun,77.9,89.3,66.5,,,
1992,Jul,81.4,92.6,70.2,,,
1992,Aug,78.2,90,66.3,,,
1992,Sep,76,88.4,63.7,,,
1992,Oct,67.4,81.8,53,,,
1992,Nov,51.8,63.8,39.8,,,
1992,Dec,48.6,59.4,37.8,,,
1993,Jan,45.5,55.9,35,,,
1993,Feb,49.3,60.9,37.6,,,
1993,Mar,56,68.5,43.4,,,
1993,Apr,63,76.5,49.4,,,
1993,May,70.6,82.9,58.2,,,
1993,Jun,79,89.7,68.3,,,
1993,Jul,83.1,94.3,72,,,
1993,Aug,82.9,95.3,70.5,,,
1993,Sep,75,87.9,62,,,
1993,Oct,64.4,77.2,51.4,,,
1993,Nov,51,63.8,38.2,,,
1993,Dec,49.2,61.3,37.1,,,
1994,Jan,46.6,59,34.3,,,
1994,Feb,49.1,62.1,36,,,
1994,Mar,58.4,71.3,45.4,,,
1994,Apr,65,78.7,51.3,,,
1994,May,71.5,82.4,60.6,,,
1994,Jun,82.1,94.4,69.9,,,
1994,Jul,82.9,95.3,70.4,,,
1994,Aug,81.5,93.6,69.3,,,
1994,Sep,74.4,87.2,61.7,,,
1994,Oct,66.8,78.4,55.2,,,
1994,Nov,58,69.5,46.4,,,
1994,Dec,50.6,61.6,39.6,,,
1995,Jan,48,59.8,36.2,,,
1995,Feb,53.2,66.5,39.9,,,
1995,Mar,56.5,67.8,45.1,,,
1995,Apr,63.8,77.3,50.3,,,
1995,May,72.4,84,60.9,,,
1995,Jun,77.4,89.4,65.3,,,
1995,Jul,82.7,95.2,70.3,,,
1995,Aug,82.2,93.6,70.8,,,
1995,Sep,75.4,86.9,63.9,,,
1995,Oct,66.3,80.9,51.6,,,
1995,Nov,55.9,69.3,42.5,,,
1995,Dec,48.8,60.5,37,,,
1996,Jan,45.9,61,30.8,,,
1996,Feb,52.9,67.1,38.7,,,
1996,Mar,53.1,67.4,38.8,,,
1996,Apr,64.5,79.6,49.4,,,
1996,May,78.5,91,66,,,
1996,Jun,81.1,93.5,68.8,,,
1996,Jul,83.6,95.4,71.9,,,
1996,Aug,80.3,90.8,69.8,,,
1996,Sep,73.9,84.8,62.9,,,
1996,Oct,65.8,78.5,53.1,,,
1996,Nov,55.9,67.9,43.9,,,
1996,Dec,49.8,63.2,36.4,,,
1997,Jan,44.9,56,33.7,,,
1997,Feb,49,59.2,38.9,,,
1997,Mar,59.4,72.2,46.7,,,
1997,Apr,59.7,71.2,48.1,,,
1997,May,70.5,82.1,59,,,
1997,Jun,77.6,88.8,66.4,,,
1997,Jul,82.7,94.7,70.8,,,
1997,Aug,81.8,93.7,69.8,,,
1997,Sep,78,90.4,65.6,,,
1997,Oct,66,78.2,53.9,,,
1997,Nov,52.5,64.2,40.8,,,
1997,Dec,45,56.8,33.2,,,
1998,Jan,50.6,63.1,38.1,,,
1998,Feb,51.1,62.9,39.4,,,
1998,Mar,55,67.4,42.7,,,
1998,Apr,63,77.4,48.7,,,
1998,May,77.2,91.2,63.2,,,
1998,Jun,83.9,97,70.8,,,
1998,Jul,86.4,99.2,73.6,,,
1998,Aug,82.3,93.9,70.6,,,
1998,Sep,79.5,91,68.1,,,
1998,Oct,68.5,79.2,57.7,,,
1998,Nov,58.5,68.9,48.1,,,
1998,Dec,48.2,59.8,36.7,,,
1999,Jan,50.3,64.2,36.5,,,
1999,Feb,56.6,70.9,42.2,,,
1999,Mar,57.6,69.4,45.7,,,
1999,Apr,66.9,79.6,54.1,,,
1999,May,72.8,84.7,60.9,,,
1999,Jun,79.2,89.6,68.8,,,
1999,Jul,81.8,93,70.6,,,
1999,Aug,84.3,97.5,71.1,,,
1999,Sep,75.8,88.8,62.8,,,
1999,Oct,65.8,80.5,51,,,
1999,Nov,59.6,74.6,44.7,,,
1999,Dec,48.6,62.2,35,,,
2000,Jan,50.7,64.1,37.3,,,
2000,Feb,57,71,43,,,
2000,Mar,61.4,74.3,48.4,,,
2000,Apr,66.1,79.5,52.7,,,
2000,May,76.9,89.2,64.6,,,
2000,Jun,78.6,88.6,68.6,,,
2000,Jul,84.1,96.9,71.3,,,
2000,Aug,84.2,97.6,70.7,,,
2000,Sep,78.1,92.8,63.4,,,
2000,Oct,67.2,77.4,57,,,
2000,Nov,51.1,61.3,40.8,,,
2000,Dec,42.4,53.2,31.5,,,
2001,Jan,43.9,54.3,33.5,,,
2001,Feb,51.9,63.5,40.4,,,
2001,Mar,53.3,64,42.6,,,
2001,Apr,67.8,79.9,55.6,,,
2001,May,74.1,86.4,61.8,,,
2001,Jun,80.9,93.2,68.5,,,
2001,Jul,85.1,97.4,72.7,,,
2001,Aug,82.8,94.7,70.9,,,
2001,Sep,74.9,86.6,63.1,,,
2001,Oct,65.4,79.1,51.7,,,
2001,Nov,58.9,69.9,47.9,,,
2001,Dec,49.4,61.3,37.4,,,
2002,Jan,48.7,61.7,35.7,,,
2002,Feb,47.1,60.6,33.7,,,
2002,Mar,55.4,69,41.7,,,
2002,Apr,69.1,80.6,57.5,,,
2002,May,74,86.5,61.4,,,
2002,Jun,80.6,92.4,68.8,,,
2002,Jul,80.9,91.3,70.6,,,
2002,Aug,82.8,94.7,71,,,
2002,Sep,76,88.2,63.9,,,
2002,Oct,64.9,74.1,55.6,,,
2002,Nov,53,64.9,41,,,
2002,Dec,47.8,59.3,36.3,,,
2003,Jan,46.2,58.6,33.7,,,
2003,Feb,48.3,59.3,37.3,,,
2003,Mar,57.2,69.9,44.5,,,
2003,Apr,66.6,80.2,52.9,,,
2003,May,75.8,88.2,63.3,,,
2003,Jun,78.5,90,66.9,,,
2003,Jul,82.1,93.6,70.5,,,
2003,Aug,82.9,95.2,70.6,,,
2003,Sep,73.9,84.9,62.9,,,
2003,Oct,67.4,79.9,55,,,
2003,Nov,58,69.4,46.7,,,
2003,Dec,49.1,63.4,34.8,,,
2004,Jan,48.9,60,37.7,,,
2004,Feb,47.4,58.6,36.3,,,
2004,Mar,61.8,72.7,50.8,,,
2004,Apr,64.3,75.7,53,,,
2004,May,73.7,85.5,62,,,
2004,Jun,78.7,89.6,67.7,,,
2004,Jul,80.7,91.9,69.6,,,
2004,Aug,79.2,90.7,67.8,,,
2004,Sep,75.2,87,63.5,,,
2004,Oct,69.7,80.4,59,,,
2004,Nov,55.7,65.6,45.7,,,
2004,Dec,47.6,60.4,34.8,,,
2005,Jan,50.7,61.8,39.6,,,
2005,Feb,51.9,61.2,42.6,,,
2005,Mar,56.5,69.4,43.7,,,
2005,Apr,64.3,78.2,50.3,,,
2005,May,71.8,83.5,60.1,,,
2005,Jun,80.5,92.9,68.1,,,
2005,Jul,82.4,94.7,70.3,,,
2005,Aug,81.3,93,69.7,,,
2005,Sep,79.9,93.2,66.6,,,
2005,Oct,66.4,79.2,53.7,,,
2005,Nov,58.7,73.4,44,,,
2005,Dec,47.2,61.4,33.1,,,
2006,Jan,52.9,68.3,37.5,,,
2006,Feb,50.2,64.2,36.2,,,
2006,Mar,61.1,73.5,48.7,,,
2006,Apr,70.7,84.4,57,,,
2006,May,75.7,89.3,62.2,,,
2006,Jun,80.8,93.9,67.6,,,
2006,Jul,83.4,95.4,71.4,,,
2006,Aug,83.6,95.3,71.7,,,
2006,Sep,74.1,86.2,61.9,,,
2006,Oct,66.8,79.3,54.2,,,
2006,Nov,57.9,71.7,44.1,,,
2006,Dec,48.2,60.2,36.3,,,
2007,Jan,42.5,52.1,33,,,
2007,Feb,49.4,62.2,36.5,,,
2007,Mar,61.9,73.7,50,,,
2007,Apr,61.7,74,49.4,,,
2007,May,71.4,81.5,61.2,,,
2007,Jun,77.9,88.5,67.2,,,
2007,Jul,79,88.9,69.1,,,
2007,Aug,81.8,92.7,71,,,
2007,Sep,77.1,88.2,66.1,,,
2007,Oct,68.6,82.7,54.6,,,
2007,Nov,57.6,70.4,44.8,,,
2007,Dec,49.2,62.6,35.6,,,
2008,Jan,46.1,59,33.2,,,
2008,Feb,53.2,68.4,38,,,
2008,Mar,58.4,72.6,44.2,,,
2008,Apr,65.3,79.6,50.9,,,
2008,May,74.3,87.2,61.4,,,
2008,Jun,82.9,95.5,70.3,,,
2008,Jul,81.7,93.4,70.1,,,
2008,Aug,80.8,91.8,69.8,,,
2008,Sep,73.3,85.1,61.4,,,
2008,Oct,65.4,79.3,51.5,,,
2008,Nov,56.8,70.9,42.6,,,
2008,Dec,48.2,62.1,34.3,,,
2009,Jan,47.9,63.1,32.7,,,
2009,Feb,55.5,70.5,40.6,,,
2009,Mar,59.5,72.7,46.3,,,
2009,Apr,64.8,78.6,51.1,,,
2009,May,73.6,85.6,61.5,,,
2009,Jun,81.7,94.3,69.1,,,
2009,Jul,84.1,96.4,71.8,,,
2009,Aug,83.3,95.9,70.6,,,
2009,Sep,74.1,85,63.2,,,
2009,Oct,64.2,75.6,52.7,,,
2009,Nov,57.3,70.9,43.6,,,
2009,Dec,43.1,53.9,32.3,,,
2010,Jan,44.4,56.5,32.4,,,
2010,Feb,44,54,33.9,,,
2010,Mar,54.8,68.3,41.4,,,
2010,Apr,65,77.4,52.7,,,
2010,May,73.8,86,61.5,,,
2010,Jun,82.7,94.2,71.1,,,
2010,Jul,81.4,90.9,71.8,,,
2010,Aug,84.4,97,71.7,,,
2010,Sep,77.7,89.2,66.2,,,
2010,Oct,67.2,82,52.3,,,
2010,Nov,56.6,70.9,42.3,,,
2010,Dec,49.2,63,35.4,,,
2011,Jan,45,58.2,31.7,,,
2011,Feb,48.7,62.9,34.5,,,
2011,Mar,61.8,76.2,47.5,,,
2011,Apr,70.3,85.7,54.9,,,
2011,May,74.1,87.8,60.3,,,
2011,Jun,85.2,99,71.4,,,
2011,Jul,87,99.7,74.2,,,
2011,Aug,88.2,101.6,74.7,,,
2011,Sep,77.9,92.6,63.1,,,
2011,Oct,66.9,81.1,52.8,,,
2011,Nov,56.9,70.3,43.5,,,
2011,Dec,46.1,55.7,36.5,,,
2012,Jan,50.4,64.4,36.5,,,
2012,Feb,51.8,62.9,40.6,,,
2012,Mar,63.2,75.6,50.8,,,
2012,Apr,70.2,83.9,56.6,,,
2012,May,75.5,87.7,63.3,,,
2012,Jun,82.4,95.1,69.6,,,
2012,Jul,83.4,95.1,71.6,,,
2012,Aug,83.7,96.4,71,,,
2012,Sep,76.6,89.2,64.1,,,
2012,Oct,65.9,78.5,53.2,,,
2012,Nov,59,73.4,44.6,,,
2012,Dec,51.1,64.6,37.4,,,
2013,Jan,47.9,59.4,36.4,,,
2013,Feb,51.7,64.9,38.4,,,
2013,Mar,57.2,71.8,42.6,,,
2013,Apr,63,77.1,48.9,,,
2013,May,72.5,85.2,59.8,,,
2013,Jun,81.8,94,69.7,,,
2013,Jul,81.3,92.7,69.9,,,
2013,Aug,83.3,95.8,70.8,,,
2013,Sep,78.2,90.2,66.2,,,
2013,Oct,66.7,79.1,54.2,,,
2013,Nov,52.9,64.3,41.5,,,
2013,Dec,44.8,56.7,32.9,,,
2014,Jan,44.5,59,30,,,
2014,Feb,48.4,61.1,35.7,,,
2014,Mar,54.8,68.9,40.7,,,
2014,Apr,65.4,79.1,51.7,,,
2014,May,72,85.1,59,,,
2014,Jun,80.6,91.4,69.8,,,
2014,Jul,81.7,93.1,70.3,,,
2014,Aug,82.6,94.7,70.6,,,
2014,Sep,76.4,86.6,66.2,,,
2014,Oct,69.6,82.8,56.4,,,
2014,Nov,51.5,63.6,39.4,,,
2014,Dec,50.7,60.5,40.9,,,
2015,Jan,44,54.6,33.3,,,
2015,Feb,48.2,60.4,36.1,,,
2015,Mar,56.2,67.4,45,,,
2015,Apr,66.6,78.1,55,,,
2015,May,71.6,81.9,61.3,,,
2015,Jun,79.3,89.9,68.6,,,
2015,Jul,83.2,94.5,71.9,,,
2015,Aug,83.3,96.1,70.5,,,
2015,Sep,79.2,91.6,66.9,,,
2015,Oct,69.2,81.6,56.8,,,
2015,Nov,57.3,68.3,46.3,,,
2015,Dec,51.5,64.1,38.8,,,
2016,Jan,46.4,58.8,34,,,
2016,Feb,54.4,69,39.7,,,
2016,Mar,61.2,74.3,48.2,,,
2016,Apr,66.1,78.6,53.5,,,
2016,May,71.6,82.8,60.4,,,
2016,Jun,80.1,91.2,68.9,,,
2016,Jul,85.4,97.4,73.4,,,
2016,Aug,81.5,92.2,70.9,,,
2016,Sep,77.6,88.4,66.7,,,
2016,Oct,70.9,84,57.7,,,
2016,Nov,61,72.5,49.6,,,
2016,Dec,49.6,60.2,38.9,,,
2017,Jan,50.8,63,38.6,,,
2017,Feb,58.4,72,44.8,,,
2017,Mar,63.6,76.4,50.7,,,
2017,Apr,67.1,80.1,54.2,,,
2017,May,72,85,59,,,
2017,Jun,80.6,92.3,68.8,,,
2017,Jul,83.6,95.5,71.6,,,
2017,Aug,80.6,91.2,70.1,,,
2017,Sep,76.5,88.4,64.6,,,
2017,Oct,66.5,80,53.1,,,
2017,Nov,60.3,73.2,47.4,,,
2017,Dec,47.8,59.7,35.9,,,
2018,Jan,43.9,57.8,29.9,,,
2018,Feb,52.3,64.7,40,,,
2018,Mar,61.7,75,48.4,,,
2018,Apr,63,77.8,48.2,,,
2018,May,78,90.9,65.2,,,
2018,Jun,83.9,95.8,72,,,
2018,Jul,84.5,96.9,72,,,
2018,Aug,83.1,95,71.1,,,
2018,Sep,76.3,85.7,66.9,,,
2018,Oct,65.4,74.6,56.2,,,
2018,Nov,52,63.9,40.1,,,
2018,Dec,48.3,59.2,37.4,,,
2019,Jan,47.2,58.8,35.6,,,
